-- phpMyAdmin SQL Dump
-- version 5.0.4
-- https://www.phpmyadmin.net/
--
-- Host: 127.0.0.1
-- Generation Time: Mar 15, 2021 at 03:16 PM
-- Server version: 10.4.16-MariaDB
-- PHP Version: 7.3.24

SET SQL_MODE = "NO_AUTO_VALUE_ON_ZERO";
START TRANSACTION;
SET time_zone = "+00:00";


/*!40101 SET @OLD_CHARACTER_SET_CLIENT=@@CHARACTER_SET_CLIENT */;
/*!40101 SET @OLD_CHARACTER_SET_RESULTS=@@CHARACTER_SET_RESULTS */;
/*!40101 SET @OLD_COLLATION_CONNECTION=@@COLLATION_CONNECTION */;
/*!40101 SET NAMES utf8mb4 */;

--
-- Database: `fantastic_school_admin_db`
--

-- --------------------------------------------------------

--
-- Table structure for table `branch`
--

CREATE TABLE `branch` (
  `id` int(10) UNSIGNED NOT NULL,
  `Name` varchar(40) NOT NULL,
  `AccountNumber` varchar(40) NOT NULL
) ENGINE=InnoDB DEFAULT CHARSET=utf8;

--
-- Dumping data for table `branch`
--

INSERT INTO `branch` (`id`, `Name`, `AccountNumber`) VALUES
(1, 'Bank of America', '00000132254545'),
(2, 'Equity Bank', '351672718822'),
(3, 'KCB Bank', '98262891719');

-- --------------------------------------------------------

--
-- Table structure for table `classattendance`
--

CREATE TABLE `classattendance` (
  `id` int(10) UNSIGNED NOT NULL,
  `Subject` int(10) UNSIGNED NOT NULL,
  `Student` int(10) UNSIGNED NOT NULL,
  `RegNo` int(10) UNSIGNED DEFAULT NULL,
  `Class` int(10) UNSIGNED DEFAULT NULL,
  `Stream` int(10) UNSIGNED DEFAULT NULL,
  `Attended` varchar(40) DEFAULT NULL,
  `Date` date DEFAULT NULL
) ENGINE=InnoDB DEFAULT CHARSET=utf8;

--
-- Dumping data for table `classattendance`
--

INSERT INTO `classattendance` (`id`, `Subject`, `Student`, `RegNo`, `Class`, `Stream`, `Attended`, `Date`) VALUES
(1, 1, 1, 1, 1, 1, '1', '2018-07-22');

-- --------------------------------------------------------

--
-- Table structure for table `classes`
--

CREATE TABLE `classes` (
  `id` int(10) UNSIGNED NOT NULL,
  `Name` varchar(40) NOT NULL
) ENGINE=InnoDB DEFAULT CHARSET=utf8;

--
-- Dumping data for table `classes`
--

INSERT INTO `classes` (`id`, `Name`) VALUES
(1, 'Form One'),
(2, 'Form Two');

-- --------------------------------------------------------

--
-- Table structure for table `courses`
--

CREATE TABLE `courses` (
  `id` int(10) UNSIGNED NOT NULL,
  `Name` varchar(40) DEFAULT NULL,
  `Teacher` varchar(40) NOT NULL,
  `Day` varchar(40) NOT NULL,
  `Length` int(10) NOT NULL,
  `Fee` int(40) NOT NULL,
  `StudentList` varchar(40) NOT NULL
) ENGINE=InnoDB DEFAULT CHARSET=utf8;

--
-- Dumping data for table `courses`
--

INSERT INTO `courses` (`id`, `Name`, `Teacher`, `Day`, `Length`, `Fee`, `StudentList`) VALUES
(1, 'Computer Science', '1', '', 0, 0, ''),
(2, 'Bussiness Administration', '1', '', 0, 0, ''),
(3, 'information technology', '2', '', 0, 0, ''),
(5, 'Technology Education', '2', '', 0, 0, ''),
(6, 'Math', '1', 'Monday', 50, 12, 'John'),
(9, 'Literature', '1', 'Tuesday', 50, 12, 'John'),
(15, 'Chemistry', '1', '', 0, 0, '');

-- --------------------------------------------------------

--
-- Table structure for table `events`
--

CREATE TABLE `events` (
  `id` int(10) UNSIGNED NOT NULL,
  `Name` varchar(40) NOT NULL,
  `Date` date NOT NULL,
  `Details` text NOT NULL
) ENGINE=InnoDB DEFAULT CHARSET=utf8;

--
-- Dumping data for table `events`
--

INSERT INTO `events` (`id`, `Name`, `Date`, `Details`) VALUES
(1, 'Bootcamp', '2018-07-30', '<p style=\"margin: 0px 0px 15px; padding: 0px; text-align: justify; color: rgb(0, 0, 0); font-family: &quot;Open Sans&quot;, Arial, sans-serif; font-size: 14px; font-style: normal; font-variant-ligatures: normal; font-variant-caps: normal; font-weight: 400; letter-spacing: normal; orphans: 2; text-indent: 0px; text-transform: none; white-space: normal; widows: 2; word-spacing: 0px; -webkit-text-stroke-width: 0px; background-color: rgb(255, 255, 255); text-decoration-style: initial; text-decoration-color: initial;\">Lorem ipsum dolor sit amet, consectetur adipiscing elit. Donec maximus sollicitudin quam, vitae iaculis est pretium quis. Aliquam eget sapien odio. Sed erat augue, sollicitudin nec justo vel, dictum elementum nisi. Nunc augue ligula, bibendum egestas elit vel, egestas blandit velit. Donec tincidunt scelerisque lorem vel luctus. Phasellus eu tincidunt tellus, non tincidunt risus. Cras at eros orci. Proin sit amet malesuada mauris. Nunc massa velit, pellentesque id mi quis, efficitur semper dui.</p><br class=\"Apple-interchange-newline\">');

-- --------------------------------------------------------

--
-- Table structure for table `examcategories`
--

CREATE TABLE `examcategories` (
  `id` int(10) UNSIGNED NOT NULL,
  `Name` varchar(40) NOT NULL
) ENGINE=InnoDB DEFAULT CHARSET=utf8;

--
-- Dumping data for table `examcategories`
--

INSERT INTO `examcategories` (`id`, `Name`) VALUES
(1, 'End Term 1');

-- --------------------------------------------------------

--
-- Table structure for table `examresults`
--

CREATE TABLE `examresults` (
  `id` int(10) UNSIGNED NOT NULL,
  `student` int(10) UNSIGNED NOT NULL,
  `RegNo` int(10) UNSIGNED DEFAULT NULL,
  `Class` int(10) UNSIGNED DEFAULT NULL,
  `Stream` int(10) UNSIGNED DEFAULT NULL,
  `Category` int(10) UNSIGNED DEFAULT NULL,
  `Subject` int(10) UNSIGNED DEFAULT NULL,
  `Marks` int(11) NOT NULL,
  `Term` int(10) UNSIGNED NOT NULL,
  `AcademicYear` int(10) UNSIGNED DEFAULT NULL
) ENGINE=InnoDB DEFAULT CHARSET=utf8;

-- --------------------------------------------------------

--
-- Table structure for table `feescollection`
--

CREATE TABLE `feescollection` (
  `id` int(10) UNSIGNED NOT NULL,
  `Student` int(10) UNSIGNED NOT NULL,
  `Class` int(10) UNSIGNED DEFAULT NULL,
  `Session` int(10) UNSIGNED NOT NULL,
  `PaidAmount` int(11) NOT NULL,
  `Balance` int(10) UNSIGNED DEFAULT NULL,
  `Branch` int(10) UNSIGNED NOT NULL,
  `Date` date DEFAULT NULL,
  `Remarks` varchar(40) DEFAULT NULL
) ENGINE=InnoDB DEFAULT CHARSET=utf8;

--
-- Dumping data for table `feescollection`
--

INSERT INTO `feescollection` (`id`, `Student`, `Class`, `Session`, `PaidAmount`, `Balance`, `Branch`, `Date`, `Remarks`) VALUES
(1, 1, 1, 1, 1000, 1, 1, '2018-05-02', NULL),
(2, 1, 1, 1, 3000, 1, 2, '2018-05-03', NULL);

-- --------------------------------------------------------

--
-- Table structure for table `membership_grouppermissions`
--

CREATE TABLE `membership_grouppermissions` (
  `permissionID` int(10) UNSIGNED NOT NULL,
  `groupID` int(11) DEFAULT NULL,
  `tableName` varchar(100) DEFAULT NULL,
  `allowInsert` tinyint(4) DEFAULT NULL,
  `allowView` tinyint(4) NOT NULL DEFAULT 0,
  `allowEdit` tinyint(4) NOT NULL DEFAULT 0,
  `allowDelete` tinyint(4) NOT NULL DEFAULT 0
) ENGINE=InnoDB DEFAULT CHARSET=utf8;

--
-- Dumping data for table `membership_grouppermissions`
--

INSERT INTO `membership_grouppermissions` (`permissionID`, `groupID`, `tableName`, `allowInsert`, `allowView`, `allowEdit`, `allowDelete`) VALUES
(0, 2, 'hostels', 1, 3, 3, 3),
(1, 2, 'students', 1, 3, 3, 3),
(2, 2, 'feescollection', 1, 3, 3, 3),
(3, 2, 'branch', 1, 3, 3, 3),
(4, 2, 'teachers', 1, 3, 3, 3),
(5, 2, 'subjects', 1, 3, 3, 3),
(6, 2, 'classes', 1, 3, 3, 3),
(7, 2, 'streams', 1, 3, 3, 3),
(8, 2, 'courses', 1, 3, 3, 3),
(9, 2, 'timetable', 1, 3, 3, 3),
(10, 2, 'events', 1, 3, 3, 3),
(11, 2, 'notices', 1, 3, 3, 3),
(12, 2, 'examresults', 1, 3, 3, 3),
(13, 2, 'parents', 1, 3, 3, 3),
(14, 2, 'examcategories', 1, 3, 3, 3),
(15, 2, 'sessions', 1, 3, 3, 3),
(16, 2, 'studentcategories', 1, 3, 3, 3),
(17, 2, 'classattendance', 1, 3, 3, 3),
(18, 2, 'fee_structure', 1, 3, 3, 3),
(19, 2, 'fee_structure', 1, 3, 3, 3),
(20, 2, 'fee_structure', 1, 3, 3, 3),
(21, 2, 'schoolmoney', 1, 3, 3, 3),
(40, 3, 'students', 0, 3, 0, 0),
(41, 3, 'feescollection', 0, 3, 0, 0),
(42, 3, 'branch', 1, 3, 0, 0),
(43, 3, 'teachers', 0, 3, 0, 0),
(44, 3, 'subjects', 0, 3, 0, 0),
(45, 3, 'classes', 0, 3, 0, 0),
(46, 3, 'streams', 0, 3, 0, 0),
(47, 3, 'courses', 0, 3, 0, 0),
(48, 3, 'timetable', 0, 3, 0, 0),
(49, 3, 'events', 1, 3, 0, 0),
(50, 3, 'notices', 0, 3, 0, 0),
(51, 3, 'examresults', 0, 3, 0, 0),
(52, 3, 'parents', 0, 3, 0, 0),
(53, 3, 'examcategories', 0, 3, 0, 0),
(54, 3, 'sessions', 0, 3, 0, 0),
(55, 3, 'studentcategories', 0, 3, 0, 0),
(56, 3, 'classattendance', 0, 3, 0, 0),
(57, 3, 'schoolmoney', 0, 3, 0, 0);

-- --------------------------------------------------------

--
-- Table structure for table `membership_groups`
--

CREATE TABLE `membership_groups` (
  `groupID` int(10) UNSIGNED NOT NULL,
  `name` varchar(20) DEFAULT NULL,
  `description` text DEFAULT NULL,
  `allowSignup` tinyint(4) DEFAULT NULL,
  `needsApproval` tinyint(4) DEFAULT NULL
) ENGINE=InnoDB DEFAULT CHARSET=utf8;

--
-- Dumping data for table `membership_groups`
--

INSERT INTO `membership_groups` (`groupID`, `name`, `description`, `allowSignup`, `needsApproval`) VALUES
(1, 'anonymous', 'Anonymous group created automatically on 2018-05-02', 0, 0),
(2, 'Admins', 'Admin group created automatically on 2018-05-02', 0, 1),
(3, 'users', 'all test users', 1, 0);

-- --------------------------------------------------------

--
-- Table structure for table `membership_userpermissions`
--

CREATE TABLE `membership_userpermissions` (
  `permissionID` int(10) UNSIGNED NOT NULL,
  `memberID` varchar(20) NOT NULL,
  `tableName` varchar(100) DEFAULT NULL,
  `allowInsert` tinyint(4) DEFAULT NULL,
  `allowView` tinyint(4) NOT NULL DEFAULT 0,
  `allowEdit` tinyint(4) NOT NULL DEFAULT 0,
  `allowDelete` tinyint(4) NOT NULL DEFAULT 0
) ENGINE=InnoDB DEFAULT CHARSET=utf8;

-- --------------------------------------------------------

--
-- Table structure for table `membership_userrecords`
--

CREATE TABLE `membership_userrecords` (
  `recID` bigint(20) UNSIGNED NOT NULL,
  `tableName` varchar(100) DEFAULT NULL,
  `pkValue` varchar(255) DEFAULT NULL,
  `memberID` varchar(20) DEFAULT NULL,
  `dateAdded` bigint(20) UNSIGNED DEFAULT NULL,
  `dateUpdated` bigint(20) UNSIGNED DEFAULT NULL,
  `groupID` int(11) DEFAULT NULL
) ENGINE=InnoDB DEFAULT CHARSET=utf8;

--
-- Dumping data for table `membership_userrecords`
--

INSERT INTO `membership_userrecords` (`recID`, `tableName`, `pkValue`, `memberID`, `dateAdded`, `dateUpdated`, `groupID`) VALUES
(1, 'classes', '1', 'admin', 1525280850, 1525280850, 2),
(2, 'classes', '2', 'admin', 1525280867, 1525280867, 2),
(3, 'streams', '1', 'admin', 1525280880, 1525280880, 2),
(4, 'streams', '2', 'admin', 1525280893, 1525280893, 2),
(5, 'branch', '1', 'admin', 1525280912, 1525280912, 2),
(6, 'branch', '2', 'admin', 1525280926, 1525280926, 2),
(7, 'sessions', '1', 'admin', 1525280952, 1525314825, 2),
(8, 'fee_structure', '1', 'admin', 1525281199, 1525281199, 2),
(9, 'students', '1', 'admin', 1525281461, 1525306816, 2),
(10, 'feescollection', '1', 'admin', 1525281522, 1525306950, 2),
(11, 'courses', '1', 'admin', 1525281663, 1525281663, 2),
(12, 'subjects', '1', 'admin', 1525294277, 1525294277, 2),
(13, 'schoolmoney', '1', 'admin', 1525306280, 1525306280, 2),
(14, 'examcategories', '1', 'admin', 1525310012, 1525310012, 2),
(15, 'feescollection', '2', 'admin', 1525314888, 1525314888, 2),
(0, 'classattendance', '0', 'admin', 1532241827, 1532241827, 2),
(0, 'schoolmoney', '0', 'admin', 1532945263, 1532945263, 2),
(0, 'classes', '0', 'admin', 1532945290, 1532945290, 2),
(0, 'studentcategories', '0', 'admin', 1532945324, 1532945324, 2),
(0, 'parents', '0', 'admin', 1532945398, 1532945398, 2),
(0, 'students', '0', 'admin', 1532945405, 1532945405, 2),
(0, 'teachers', '0', 'admin', 1532956950, 1532956950, 2),
(0, 'subjects', '0', 'admin', 1532956992, 1532956992, 2),
(0, 'notices', '0', 'admin', 1532957308, 1532957308, 2),
(0, 'courses', '0', 'admin', 1532957327, 1532957327, 2),
(0, 'feescollection', '0', 'admin', 1532957665, 1532957665, 2),
(0, 'branch', '0', 'admin', 1532957704, 1532957704, 2),
(0, 'events', '0', 'admin', 1532958930, 1532958930, 2),
(0, 'notices', '5', 'admin', 1615200064, 1615200064, 2),
(0, 'timetable', '2', 'admin', 1615200856, 1615200856, 2),
(0, 'timetable', '3', 'admin', 1615255514, 1615255514, 2),
(0, 'courses', '8', 'admin', 1615368059, 1615368059, 2),
(0, 'courses', '9', 'admin', 1615368059, 1615368059, 2),
(0, 'courses', '15', 'admin', 1615625678, 1615625678, 2),
(0, 'students', '7', 'admin', 1615732654, 1615732654, 2);

-- --------------------------------------------------------

--
-- Table structure for table `membership_users`
--

CREATE TABLE `membership_users` (
  `memberID` varchar(20) NOT NULL,
  `passMD5` varchar(40) DEFAULT NULL,
  `email` varchar(100) DEFAULT NULL,
  `signupDate` date DEFAULT NULL,
  `groupID` int(10) UNSIGNED DEFAULT NULL,
  `isBanned` tinyint(4) DEFAULT NULL,
  `isApproved` tinyint(4) DEFAULT NULL,
  `custom1` text DEFAULT NULL,
  `custom2` text DEFAULT NULL,
  `custom3` text DEFAULT NULL,
  `custom4` text DEFAULT NULL,
  `comments` text DEFAULT NULL,
  `pass_reset_key` varchar(100) DEFAULT NULL,
  `pass_reset_expiry` int(10) UNSIGNED DEFAULT NULL
) ENGINE=InnoDB DEFAULT CHARSET=utf8;

--
-- Dumping data for table `membership_users`
--

INSERT INTO `membership_users` (`memberID`, `passMD5`, `email`, `signupDate`, `groupID`, `isBanned`, `isApproved`, `custom1`, `custom2`, `custom3`, `custom4`, `comments`, `pass_reset_key`, `pass_reset_expiry`) VALUES
('admin', 'af359ab8f3da5f33ffa01f6736e8c02d', 'ronniengoda@gmail.com', '2018-05-02', 2, 0, 1, NULL, NULL, NULL, NULL, 'Admin member created automatically on 2018-05-02\nRecord updated automatically on 2018-05-03', NULL, NULL),
('guest', NULL, NULL, '2018-05-02', 1, 0, 1, NULL, NULL, NULL, NULL, 'Anonymous member created automatically on 2018-05-02', NULL, NULL),
('kelvin', 'bdf0a027d5e138c2428f5acd68d7d600', 'kevo@gmail.com', '2018-05-03', 3, 0, 1, '', '', '', '', 'member signed up through the registration form.', NULL, NULL),
('harry', 'd3915844cde56f2dccfd24c7d34d12f0', 'harry@den.com', '2018-07-05', 3, 0, 1, '', '', '', '', 'member signed up through the registration form.', NULL, NULL),
('nguyen thi ha my', '81dc9bdb52d04dc20036dbd8313ed055', 'nm906962@gmail.com', '2021-03-14', 3, 0, 1, '', '', '', '', 'member signed up through the registration form.', NULL, NULL);

-- --------------------------------------------------------

--
-- Table structure for table `notices`
--

CREATE TABLE `notices` (
  `id` int(10) UNSIGNED NOT NULL,
  `Name` varchar(40) NOT NULL,
  `Date` date NOT NULL,
  `Details` text NOT NULL,
  `Posted_By` varchar(40) DEFAULT NULL
) ENGINE=InnoDB DEFAULT CHARSET=utf8;

--
-- Dumping data for table `notices`
--

INSERT INTO `notices` (`id`, `Name`, `Date`, `Details`, `Posted_By`) VALUES
(1, 'Spirng Carnival', '2018-07-30', 'To inform all the students about the Spring Carnival Event which is going to be held on school premises. All the students are requested to take part in different activities. For more details contact RTE.', 'admin'),
(5, 'timetable', '2021-03-04', 'PCO is changed in for all classes', 'admin');

-- --------------------------------------------------------

--
-- Table structure for table `parents`
--

CREATE TABLE `parents` (
  `id` int(10) UNSIGNED NOT NULL,
  `Name` varchar(40) NOT NULL,
  `Phone` varchar(40) NOT NULL,
  `Email` varchar(80) DEFAULT NULL,
  `HomeAddress` varchar(40) DEFAULT NULL
) ENGINE=InnoDB DEFAULT CHARSET=utf8;

--
-- Dumping data for table `parents`
--

INSERT INTO `parents` (`id`, `Name`, `Phone`, `Email`, `HomeAddress`) VALUES
(1, 'Demo', '123456789', NULL, 'demo');

-- --------------------------------------------------------

--
-- Table structure for table `schoolmoney`
--

CREATE TABLE `schoolmoney` (
  `id` int(10) UNSIGNED NOT NULL,
  `Class` int(10) UNSIGNED NOT NULL,
  `Particulars` text NOT NULL,
  `Total` decimal(10,2) NOT NULL
) ENGINE=InnoDB DEFAULT CHARSET=utf8;

--
-- Dumping data for table `schoolmoney`
--

INSERT INTO `schoolmoney` (`id`, `Class`, `Particulars`, `Total`) VALUES
(1, 1, 'All fees-15000', '15000.00'),
(2, 2, 'demo', '15000.00');

-- --------------------------------------------------------

--
-- Table structure for table `sessions`
--

CREATE TABLE `sessions` (
  `id` int(10) UNSIGNED NOT NULL,
  `Year` varchar(40) NOT NULL,
  `Term` varchar(40) NOT NULL,
  `status` varchar(40) DEFAULT NULL
) ENGINE=InnoDB DEFAULT CHARSET=utf8;

--
-- Dumping data for table `sessions`
--

INSERT INTO `sessions` (`id`, `Year`, `Term`, `status`) VALUES
(1, '2018', '2', 'active');

-- --------------------------------------------------------

--
-- Table structure for table `streams`
--

CREATE TABLE `streams` (
  `id` int(10) UNSIGNED NOT NULL,
  `Name` varchar(40) NOT NULL
) ENGINE=InnoDB DEFAULT CHARSET=utf8;

--
-- Dumping data for table `streams`
--

INSERT INTO `streams` (`id`, `Name`) VALUES
(1, 'East'),
(2, 'Central');

-- --------------------------------------------------------

--
-- Table structure for table `studentcategories`
--

CREATE TABLE `studentcategories` (
  `id` int(10) UNSIGNED NOT NULL,
  `Name` varchar(40) NOT NULL
) ENGINE=InnoDB DEFAULT CHARSET=utf8;

--
-- Dumping data for table `studentcategories`
--

INSERT INTO `studentcategories` (`id`, `Name`) VALUES
(1, 'Demo');

-- --------------------------------------------------------

--
-- Table structure for table `students`
--

CREATE TABLE `students` (
  `id` int(10) UNSIGNED NOT NULL,
  `FullName` varchar(40) NOT NULL,
  `Gender` varchar(40) NOT NULL,
  `DOB` date NOT NULL,
  `Photo` varchar(40) DEFAULT NULL,
  `RegNo` varchar(40) NOT NULL,
  `Class` int(10) UNSIGNED NOT NULL,
  `Stream` int(10) UNSIGNED DEFAULT NULL,
  `Course` int(10) UNSIGNED DEFAULT NULL,
  `DOJ` date NOT NULL,
  `Category` int(10) UNSIGNED DEFAULT NULL,
  `AcademicYear` int(10) UNSIGNED NOT NULL,
  `TotalFees` int(10) UNSIGNED NOT NULL,
  `AdvanceFees` int(11) NOT NULL,
  `Balance` int(11) DEFAULT NULL,
  `Parent` int(10) UNSIGNED DEFAULT NULL
) ENGINE=InnoDB DEFAULT CHARSET=utf8;

--
-- Dumping data for table `students`
--

INSERT INTO `students` (`id`, `FullName`, `Gender`, `DOB`, `Photo`, `RegNo`, `Class`, `Stream`, `Course`, `DOJ`, `Category`, `AcademicYear`, `TotalFees`, `AdvanceFees`, `Balance`, `Parent`) VALUES
(1, 'Wafula Chebukati', 'Male', '1916-01-18', NULL, 'IEBC/2017', 1, 2, 1, '2018-05-02', NULL, 1, 1, 10500, 500, NULL),
(2, 'Harry Den', 'Male', '1996-02-05', NULL, '852', 0, 2, 1, '2018-07-30', 0, 1, 1, 500, 3500, 0),
(3, 'Christine Gray', 'Female', '1997-04-17', '04619000_1532957454.jpg', '123', 0, 2, 0, '2018-07-30', 0, 1, 0, 5000, 3500, 0),
(4, 'Johnny Doe', 'Male', '1996-03-16', '68070100_1532957566.png', '80', 0, 1, 1, '2018-07-30', 0, 1, 1, 6000, 3500, 0),
(5, 'Bruno Den', 'Male', '1996-12-18', '24894200_1532957631.png', '366', 0, 2, 1, '2018-07-30', 0, 1, 1, 2000, 3500, 0),
(6, 'William Carter', 'Male', '1996-09-15', '08808400_1532959007.png', '852', 1, 2, NULL, '2018-07-30', 0, 1, 0, 1500, -1500, 0),
(7, 'Ngan', 'Female', '2021-03-01', NULL, 'm54', 2, NULL, NULL, '2021-03-14', NULL, 1, 2, 1500, 13500, NULL);

-- --------------------------------------------------------

--
-- Table structure for table `subjects`
--

CREATE TABLE `subjects` (
  `id` int(10) UNSIGNED NOT NULL,
  `Name` varchar(40) NOT NULL
) ENGINE=InnoDB DEFAULT CHARSET=utf8;

--
-- Dumping data for table `subjects`
--

INSERT INTO `subjects` (`id`, `Name`) VALUES
(1, 'Tec 104'),
(2, 'Database'),
(3, 'Math');

-- --------------------------------------------------------

--
-- Table structure for table `teachers`
--

CREATE TABLE `teachers` (
  `id` int(10) UNSIGNED NOT NULL,
  `Name` varchar(40) NOT NULL,
  `Gender` varchar(40) NOT NULL,
  `Age` int(11) NOT NULL,
  `Phone` varchar(40) NOT NULL,
  `Email` varchar(80) DEFAULT NULL,
  `StaffNumber` int(11) NOT NULL
) ENGINE=InnoDB DEFAULT CHARSET=utf8;

--
-- Dumping data for table `teachers`
--

INSERT INTO `teachers` (`id`, `Name`, `Gender`, `Age`, `Phone`, `Email`, `StaffNumber`) VALUES
(1, 'John Doe', 'Male', 29, '7531598522', 'johndoe@gmail.com', 12),
(2, 'Benedict Cober', 'Male', 33, '1597534560', 'iambenedict@mail.com', 13);

-- --------------------------------------------------------

--
-- Table structure for table `timetable`
--

CREATE TABLE `timetable` (
  `id` int(10) UNSIGNED NOT NULL,
  `Time_Table` varchar(40) NOT NULL,
  `Class` int(10) UNSIGNED NOT NULL,
  `Stream` int(10) UNSIGNED DEFAULT NULL
) ENGINE=InnoDB DEFAULT CHARSET=utf8;

--
-- Dumping data for table `timetable`
--

INSERT INTO `timetable` (`id`, `Time_Table`, `Class`, `Stream`) VALUES
(2, '25760700_1615200856.pdf', 1, NULL),
(3, '87512800_1615255514.pdf', 1, NULL);

--
-- Indexes for dumped tables
--

--
-- Indexes for table `branch`
--
ALTER TABLE `branch`
  ADD PRIMARY KEY (`id`);

--
-- Indexes for table `classattendance`
--
ALTER TABLE `classattendance`
  ADD PRIMARY KEY (`id`),
  ADD KEY `Subject` (`Subject`),
  ADD KEY `Student` (`Student`);

--
-- Indexes for table `classes`
--
ALTER TABLE `classes`
  ADD PRIMARY KEY (`id`);

--
-- Indexes for table `courses`
--
ALTER TABLE `courses`
  ADD PRIMARY KEY (`id`);

--
-- Indexes for table `events`
--
ALTER TABLE `events`
  ADD PRIMARY KEY (`id`);

--
-- Indexes for table `examcategories`
--
ALTER TABLE `examcategories`
  ADD PRIMARY KEY (`id`);

--
-- Indexes for table `examresults`
--
ALTER TABLE `examresults`
  ADD PRIMARY KEY (`id`),
  ADD KEY `student` (`student`),
  ADD KEY `Category` (`Category`),
  ADD KEY `Subject` (`Subject`),
  ADD KEY `Term` (`Term`);

--
-- Indexes for table `feescollection`
--
ALTER TABLE `feescollection`
  ADD PRIMARY KEY (`id`),
  ADD KEY `Student` (`Student`),
  ADD KEY `Session` (`Session`),
  ADD KEY `Branch` (`Branch`);

--
-- Indexes for table `membership_grouppermissions`
--
ALTER TABLE `membership_grouppermissions`
  ADD PRIMARY KEY (`permissionID`);

--
-- Indexes for table `membership_groups`
--
ALTER TABLE `membership_groups`
  ADD PRIMARY KEY (`groupID`);

--
-- Indexes for table `membership_userpermissions`
--
ALTER TABLE `membership_userpermissions`
  ADD PRIMARY KEY (`permissionID`);

--
-- Indexes for table `membership_userrecords`
--
ALTER TABLE `membership_userrecords`
  ADD UNIQUE KEY `tableName_pkValue` (`tableName`,`pkValue`),
  ADD KEY `pkValue` (`pkValue`),
  ADD KEY `tableName` (`tableName`),
  ADD KEY `memberID` (`memberID`),
  ADD KEY `groupID` (`groupID`);

--
-- Indexes for table `membership_users`
--
ALTER TABLE `membership_users`
  ADD KEY `groupID` (`groupID`);

--
-- Indexes for table `notices`
--
ALTER TABLE `notices`
  ADD PRIMARY KEY (`id`);

--
-- Indexes for table `parents`
--
ALTER TABLE `parents`
  ADD PRIMARY KEY (`id`);

--
-- Indexes for table `schoolmoney`
--
ALTER TABLE `schoolmoney`
  ADD PRIMARY KEY (`id`);

--
-- Indexes for table `sessions`
--
ALTER TABLE `sessions`
  ADD PRIMARY KEY (`id`);

--
-- Indexes for table `streams`
--
ALTER TABLE `streams`
  ADD PRIMARY KEY (`id`);

--
-- Indexes for table `studentcategories`
--
ALTER TABLE `studentcategories`
  ADD PRIMARY KEY (`id`);

--
-- Indexes for table `students`
--
ALTER TABLE `students`
  ADD PRIMARY KEY (`id`);

--
-- Indexes for table `subjects`
--
ALTER TABLE `subjects`
  ADD PRIMARY KEY (`id`);

--
-- Indexes for table `teachers`
--
ALTER TABLE `teachers`
  ADD PRIMARY KEY (`id`);

--
-- Indexes for table `timetable`
--
ALTER TABLE `timetable`
  ADD PRIMARY KEY (`id`);

--
-- AUTO_INCREMENT for dumped tables
--

--
-- AUTO_INCREMENT for table `branch`
--
ALTER TABLE `branch`
  MODIFY `id` int(10) UNSIGNED NOT NULL AUTO_INCREMENT, AUTO_INCREMENT=4;

--
-- AUTO_INCREMENT for table `classattendance`
--
ALTER TABLE `classattendance`
  MODIFY `id` int(10) UNSIGNED NOT NULL AUTO_INCREMENT, AUTO_INCREMENT=2;

--
-- AUTO_INCREMENT for table `classes`
--
ALTER TABLE `classes`
  MODIFY `id` int(10) UNSIGNED NOT NULL AUTO_INCREMENT, AUTO_INCREMENT=3;

--
-- AUTO_INCREMENT for table `courses`
--
ALTER TABLE `courses`
  MODIFY `id` int(10) UNSIGNED NOT NULL AUTO_INCREMENT, AUTO_INCREMENT=16;

--
-- AUTO_INCREMENT for table `events`
--
ALTER TABLE `events`
  MODIFY `id` int(10) UNSIGNED NOT NULL AUTO_INCREMENT, AUTO_INCREMENT=2;

--
-- AUTO_INCREMENT for table `examcategories`
--
ALTER TABLE `examcategories`
  MODIFY `id` int(10) UNSIGNED NOT NULL AUTO_INCREMENT, AUTO_INCREMENT=2;

--
-- AUTO_INCREMENT for table `examresults`
--
ALTER TABLE `examresults`
  MODIFY `id` int(10) UNSIGNED NOT NULL AUTO_INCREMENT;

--
-- AUTO_INCREMENT for table `feescollection`
--
ALTER TABLE `feescollection`
  MODIFY `id` int(10) UNSIGNED NOT NULL AUTO_INCREMENT, AUTO_INCREMENT=4;

--
-- AUTO_INCREMENT for table `notices`
--
ALTER TABLE `notices`
  MODIFY `id` int(10) UNSIGNED NOT NULL AUTO_INCREMENT, AUTO_INCREMENT=6;

--
-- AUTO_INCREMENT for table `parents`
--
ALTER TABLE `parents`
  MODIFY `id` int(10) UNSIGNED NOT NULL AUTO_INCREMENT, AUTO_INCREMENT=2;

--
-- AUTO_INCREMENT for table `schoolmoney`
--
ALTER TABLE `schoolmoney`
  MODIFY `id` int(10) UNSIGNED NOT NULL AUTO_INCREMENT, AUTO_INCREMENT=3;

--
-- AUTO_INCREMENT for table `sessions`
--
ALTER TABLE `sessions`
  MODIFY `id` int(10) UNSIGNED NOT NULL AUTO_INCREMENT, AUTO_INCREMENT=2;

--
-- AUTO_INCREMENT for table `streams`
--
ALTER TABLE `streams`
  MODIFY `id` int(10) UNSIGNED NOT NULL AUTO_INCREMENT, AUTO_INCREMENT=3;

--
-- AUTO_INCREMENT for table `studentcategories`
--
ALTER TABLE `studentcategories`
  MODIFY `id` int(10) UNSIGNED NOT NULL AUTO_INCREMENT, AUTO_INCREMENT=2;

--
-- AUTO_INCREMENT for table `students`
--
ALTER TABLE `students`
  MODIFY `id` int(10) UNSIGNED NOT NULL AUTO_INCREMENT, AUTO_INCREMENT=8;

--
-- AUTO_INCREMENT for table `subjects`
--
ALTER TABLE `subjects`
  MODIFY `id` int(10) UNSIGNED NOT NULL AUTO_INCREMENT, AUTO_INCREMENT=4;

--
-- AUTO_INCREMENT for table `teachers`
--
ALTER TABLE `teachers`
  MODIFY `id` int(10) UNSIGNED NOT NULL AUTO_INCREMENT, AUTO_INCREMENT=3;

--
-- AUTO_INCREMENT for table `timetable`
--
ALTER TABLE `timetable`
  MODIFY `id` int(10) UNSIGNED NOT NULL AUTO_INCREMENT, AUTO_INCREMENT=4;
COMMIT;

/*!40101 SET CHARACTER_SET_CLIENT=@OLD_CHARACTER_SET_CLIENT */;
/*!40101 SET CHARACTER_SET_RESULTS=@OLD_CHARACTER_SET_RESULTS */;
/*!40101 SET COLLATION_CONNECTION=@OLD_COLLATION_CONNECTION */;
